bond_length,energy
0.3,0.43871757272833645
0.5,-0.2545212037733429
0.7,-0.9846001494999347
0.9000000000000001,-1.2081037558164478
1.1,-1.169934583890066
1.3,-1.0764360724884376
1.5000000000000002,-0.974030497577418
1.7000000000000002,-0.8733734127416601
1.9000000000000001,-0.7793191551128428
2.1,-0.693891455719851
2.3,-0.6172583932025245
2.5,-0.5487110506082702
