bond_length,energy
0.3,-0.07401814573869823
0.5,-1.1910342519329162
0.7,-1.7760826682610726
0.9000000000000001,-1.8897669816740488
1.1,-1.872454269035392
1.3,-1.8258799567078179
1.5000000000000002,-1.7664698361340843
1.7000000000000002,-1.7023665966579067
1.9000000000000001,-1.6378498338056413
2.1,-1.5752239671931567
2.3,-1.5157160131950576
2.5,-1.4599382168649377
