reps,energy
1,-1.1372742564277314
2,-1.1372742570380907
3,-1.1372742568146765
4,-1.1372742567089507
